{"cameraMode":{"drawMode":0,"name":"Shaded","section":"Shading Mode"},"sceneLighting":true,"audioPlay":false,"sceneViewState":{"m_AlwaysRefresh":false,"showFog":true,"showSkybox":true,"showFlares":true,"showImageEffects":true,"showParticleSystems":true,"showVisualEffectGraphs":true,"m_FxEnabled":true},"in2DMode":false,"pivot":{"x":5.1783447265625,"y":3.7572429180145265,"z":-10.643255233764649},"rotation":{"x":0.2285788208246231,"y":0.055456098169088367,"z":-0.013043063692748547,"w":0.9718572497367859},"size":2.984346389770508,"orthographic":true}