{"cameraMode":{"drawMode":0,"name":"Shaded","section":"Shading Mode"},"sceneLighting":true,"audioPlay":false,"sceneViewState":{"m_AlwaysRefresh":false,"showFog":true,"showSkybox":true,"showFlares":true,"showImageEffects":true,"showParticleSystems":true,"showVisualEffectGraphs":true,"m_FxEnabled":true},"in2DMode":false,"pivot":{"x":4.569999694824219,"y":0.4894983172416687,"z":-2.6700000762939455},"rotation":{"x":0.20544154942035676,"y":-0.027888154610991479,"z":0.005856191273778677,"w":0.9782568216323853},"size":0.3899405300617218,"orthographic":true}